Review,Sentiment
I love this product,Positive
This is amazing,Positive
Very bad experience,Negative
Worst purchase ever,Negative
Absolutely fantastic,Positive
Not worth the money,Negative
Super quality,Positive
Terrible service,Negative
Highly recommend this,Positive
Waste of time,Negative
Excellent quality and fast delivery,Positive
I am very happy with this purchase,Positive
This is the worst thing I bought,Negative
Very disappointing product,Negative
Loved it so much,Positive
Will never buy again,Negative
Great value for money,Positive
Poor packaging and bad quality,Negative
Amazing experience overall,Positive
Not satisfied at all,Negative